{
  "weights": [
    -4.314105908681785,
    -0.015108661664291182
  ],
  "bias": 0.048777358571213784
}