{
  "weights": [
    1.3576816846432354,
    -0.12272660179820447
  ],
  "bias": -1.4352453011182007
}