{
  "weights": [
    -2.0951140965971002,
    -0.12418706319028038
  ],
  "bias": -3.0755554281242437
}