{
  "weights": [
    0.15103921592569125,
    -0.00497960745147212
  ],
  "bias": -2.4064634877363984
}