{
  "weights": [
    -4.8704657475635615,
    0.06399252556752363
  ],
  "bias": 0.013538069573528334
}