{
  "weights": [
    1.806188822943684,
    0.1985072281511944
  ],
  "bias": -1.0630145638969264
}