{
  "weights": [
    -1.6841213708486933,
    0.19536841967991392
  ],
  "bias": -3.7935296783294703
}