{
  "weights": [
    -0.040831970193030094,
    -0.18706680339522358
  ],
  "bias": -2.493093887514596
}