{
  "weights": [
    -4.719522905505405,
    0.428328182767817
  ],
  "bias": -0.09868172739722206
}