{
  "weights": [
    -17.787003274896517,
    1.108236522978924
  ],
  "bias": 0.7764956068112243
}