{
  "weights": [
    1.5595665536007086,
    -0.5034766125807976
  ],
  "bias": -0.8124043437227197
}