{
  "weights": [
    20.320825985221305,
    -0.640547378676503
  ],
  "bias": 0.5597114459583626
}