{
  "weights": [
    -0.1531101117764446,
    -0.34187606844219814
  ],
  "bias": -0.0281502993588066
}