{
  "weights": [
    -2.3823690947707723,
    -0.5048853427665692
  ],
  "bias": -3.203457359305758
}