{
  "weights": [
    -0.5684324214397484,
    19.637884145898337
  ],
  "bias": 0.11746714690551932
}