{
  "weights": [
    -0.0669575685849405,
    -0.0023585941462605977
  ],
  "bias": -2.6811265955851984
}