{
  "weights": [
    19.226132269543605,
    -0.5914933932839259
  ],
  "bias": -0.22100208744499444
}